{
  "测试时间": "2026-06-08T18:57:35.036636",
  "测试系统": "工单6 (混合检索+CrossEncoder重排)",
  "LLM": "qwen-plus (通义千问)",
  "Embedding": "bge-base-zh-v1.5",
  "向量后端": "FAISS",
  "测试问题数": 10,
  "各阶段耗时(ms)": {
    "1_embedding_load": {
      "平均": 0.7920000003650784,
      "占比": 0.017374771965380554
    },
    "2_query_encode": {
      "平均": 373.8065960009408,
      "占比": 8.200510557673802
    },
    "3_vector_search": {
      "平均": 0.0029335009458009154,
      "占比": 6.435468430558659e-05
    },
    "4_fulltext_search": {
      "平均": 114.30583720139111,
      "占比": 2.5076235540032887
    },
    "5_fusion": {
      "平均": 0.00553740028408356,
      "占比": 0.00012147862016746986
    },
    "6_rerank": {
      "平均": 1957.9094042994257,
      "占比": 42.95230986476722
    },
    "7_context_assembly": {
      "平均": 0.0030583003535866737,
      "占比": 6.709251416757215e-05
    },
    "8_llm_generate": {
      "平均": 2111.5078416005417,
      "占比": 46.321928325771665
    }
  },
  "总平均耗时(ms)": 4558.333208304248,
  "逐问题详情": [
    {
      "qid": 260,
      "耗时(ms)": 11269.884707005986,
      "各阶段(ms)": {
        "1_embedding_load": 7.909083004051354,
        "2_query_encode": 3144.7318749997066,
        "3_vector_search": 0.012750002497341484,
        "4_fulltext_search": 415.54433300188975,
        "5_fusion": 0.015249999705702066,
        "6_rerank": 4133.14900000114,
        "7_context_assembly": 0.0033329997677356005,
        "8_llm_generate": 3568.519082997227
      }
    },
    {
      "qid": 95,
      "耗时(ms)": 3559.2844990023877,
      "各阶段(ms)": {
        "1_embedding_load": 0.00145800004247576,
        "2_query_encode": 54.989292002574075,
        "3_vector_search": 0.002291999408043921,
        "4_fulltext_search": 79.92066600127146,
        "5_fusion": 0.0038329962990246713,
        "6_rerank": 1763.5715830037952,
        "7_context_assembly": 0.0034999975468963385,
        "8_llm_generate": 1660.7918750014505
      }
    },
    {
      "qid": 33,
      "耗时(ms)": 4502.837373998773,
      "各阶段(ms)": {
        "1_embedding_load": 0.0008749993867240846,
        "2_query_encode": 48.41854199912632,
        "3_vector_search": 0.0017499987734481692,
        "4_fulltext_search": 102.24975000164704,
        "5_fusion": 0.007125003321561962,
        "6_rerank": 1616.1754159984412,
        "7_context_assembly": 0.0037080026231706142,
        "8_llm_generate": 2735.9802079954534
      }
    },
    {
      "qid": 34,
      "耗时(ms)": 3871.8479580056737,
      "各阶段(ms)": {
        "1_embedding_load": 0.0010000003385357559,
        "2_query_encode": 62.59416700049769,
        "3_vector_search": 0.0018339997041039169,
        "4_fulltext_search": 88.59941599803278,
        "5_fusion": 0.004207999154459685,
        "6_rerank": 1536.2119999990682,
        "7_context_assembly": 0.002958004188258201,
        "8_llm_generate": 2184.4323750046897
      }
    },
    {
      "qid": 957,
      "耗时(ms)": 6091.900584011455,
      "各阶段(ms)": {
        "1_embedding_load": 0.0012500022421590984,
        "2_query_encode": 56.519208003010135,
        "3_vector_search": 0.0015420009731315076,
        "4_fulltext_search": 72.84633300150745,
        "5_fusion": 0.0037080026231706142,
        "6_rerank": 1624.227542000881,
        "7_context_assembly": 0.0028340000426396728,
        "8_llm_generate": 4338.298167000175
      }
    },
    {
      "qid": 793,
      "耗时(ms)": 4649.616124013846,
      "各阶段(ms)": {
        "1_embedding_load": 0.0012500022421590984,
        "2_query_encode": 68.52516600338276,
        "3_vector_search": 0.001500004145782441,
        "4_fulltext_search": 91.34954099863535,
        "5_fusion": 0.0035420016502030194,
        "6_rerank": 1553.4257920007803,
        "7_context_assembly": 0.0027080022846348584,
        "8_llm_generate": 2936.306625000725
      }
    },
    {
      "qid": 795,
      "耗时(ms)": 3294.796962014516,
      "各阶段(ms)": {
        "1_embedding_load": 0.0025420013116672635,
        "2_query_encode": 63.05983399943216,
        "3_vector_search": 0.0014170000213198364,
        "4_fulltext_search": 72.50754200504161,
        "5_fusion": 0.004292000085115433,
        "6_rerank": 1687.1103340017726,
        "7_context_assembly": 0.002959000994451344,
        "8_llm_generate": 1472.108042005857
      }
    },
    {
      "qid": 543,
      "耗时(ms)": 2867.693166997924,
      "各阶段(ms)": {
        "1_embedding_load": 0.0007499984349124134,
        "2_query_encode": 71.75083400215954,
        "3_vector_search": 0.004292000085115433,
        "4_fulltext_search": 60.35437499667751,
        "5_fusion": 0.004250003257766366,
        "6_rerank": 1960.2334589944803,
        "7_context_assembly": 0.0030410010367631912,
        "8_llm_generate": 775.3421660017921
      }
    },
    {
      "qid": 531,
      "耗时(ms)": 2664.3551670058514,
      "各阶段(ms)": {
        "1_embedding_load": 0.0004169996827840805,
        "2_query_encode": 95.42379200138384,
        "3_vector_search": 0.0007499984349124134,
        "4_fulltext_search": 72.11629100493155,
        "5_fusion": 0.004624998837243766,
        "6_rerank": 1877.730000000156,
        "7_context_assembly": 0.0028750000637955964,
        "8_llm_generate": 619.0764170023613
      }
    },
    {
      "qid": 207,
      "耗时(ms)": 2811.1155409860658,
      "各阶段(ms)": {
        "1_embedding_load": 0.0013749959180131555,
        "2_query_encode": 72.05324999813456,
        "3_vector_search": 0.0012080054148100317,
        "4_fulltext_search": 87.57012500427663,
        "5_fusion": 0.004540997906588018,
        "6_rerank": 1827.2589169937419,
        "7_context_assembly": 0.0026669949875213206,
        "8_llm_generate": 824.2234579956857
      }
    }
  ]
}